file name,sample id,position,temperature [C],Al-concentration [at.%],O-concentration [at.%],ionization degree [a.u.],average ion energy [eV],pressure [Pa]
1663-Pos1-50kx_ergebnis.jpg,1663,1,500,69.84707,0,1,42.1438,0.5
1663-Pos2-50kx_ergebnis.jpg,1663,2,500,64.29359,0,1,41.75453,0.5
1663-Pos3-50kx_ergebnis.jpg,1663,3,500,57.3453,0,1,41.36527,0.5
1663-Pos4-50kx_ergebnis.jpg,1663,4,500,48.17931,0,1,41.20415,0.5
1663-Pos5-50kx_ergebnis.jpg,1663,5,500,37.99573,0,1,41.04303,0.5
1663-Pos6-50kx_ergebnis.jpg,1663,6,500,28.28568,0,1,41.73417,0.5
1663-Pos7-50kx_ergebnis.jpg,1663,7,500,20.44061,0,1,42.42531,0.5
1663-Pos8-50kx_ergebnis.jpg,1663,8,500,15.166,0,1,42.9607,0.5
1663-Pos9-50kx_ergebnis.jpg,1663,9,500,11.13652,0,1,43.49609,0.5